Workbook

Sheet Cover
B3: ISO 27001:2022 Gap Analysis Report
B6: Organisation: | C6: PayWave Solutions Pte. Ltd.
B7: Industry: | C7: Financial Technology — Digital Payments
B8: Headquarters: | C8: Singapore (One-North Business Park)
B9: Employees: | C9: ~120 (80 engineering, 40 corporate)
B10: Scope: | C10: Digital payment processing platform, mobile app, merchant portal, and supporting IT infrastructure
B11: Regulatory Context: | C11: MAS TRM Guidelines, PDPA, PCI DSS
B12: Assessment Date: | C12: 15 March 2026
B13: Assessor: | C13: [Your Name], GRC Analyst
B14: Report Version: | C14: 1.0
B15: Classification: | C15: CONFIDENTIAL
B18: DISCLAIMER: This is a fictitious gap analysis created for portfolio demonstration purposes. PayWave Solutions Pte. Ltd. is a fictional company. All findings, risks, and recommendations are illustrative.

Sheet Dashboard
A1: Gap Analysis Executive Summary — PayWave Solutions Pte. Ltd.
A3: Total Controls Assessed | C3: Implemented | E3: Partially Implemented | G3: Not Implemented | I3: Average Maturity Score
A4: =COUNTA('Gap Analysis'!A4:A30) -> 27 | C4: =COUNTIF('Gap Analysis'!D4:D30,"Implemented") -> 4 | E4: =COUNTIF('Gap Analysis'!D4:D30,"Partially Implemented") -> 19 | G4: =COUNTIF('Gap Analysis'!D4:D30,"Not Implemented") -> 4 | I4: =ROUND(AVERAGE('Gap Analysis'!E4:E30),1) -> 2.4
A7: Risk Distribution | D7: Priority Distribution | G7: Implementation Status
A8: Rating | B8: Count | D8: Priority | E8: Count | G8: Status | H8: Count
A9: Critical | B9: =COUNTIF('Risk Register'!L4:L15,"Critical") -> 1 | D9: P1 | E9: =COUNTIF('Gap Analysis'!I4:I30,"P1") -> 19 | G9: Implemented | H9: =COUNTIF('Gap Analysis'!D4:D30,"Implemented") -> 4
A10: High | B10: =COUNTIF('Risk Register'!L4:L15,"High") -> 7 | D10: P2 | E10: =COUNTIF('Gap Analysis'!I4:I30,"P2") -> 7 | G10: Partially Implemented | H10: =COUNTIF('Gap Analysis'!D4:D30,"Partially Implemented") -> 19
A11: Medium | B11: =COUNTIF('Risk Register'!L4:L15,"Medium") -> 4 | D11: P3 | E11: =COUNTIF('Gap Analysis'!I4:I30,"P3") -> 1 | G11: Not Implemented | H11: =COUNTIF('Gap Analysis'!D4:D30,"Not Implemented") -> 4
A12: Low | B12: =COUNTIF('Risk Register'!L4:L15,"Low") -> 0

Sheet Gap Analysis
A1: ISO 27001:2022 Annex A — Gap Analysis: PayWave Solutions Pte. Ltd.
A3: Control ID | B3: Control Name | C3: Control Description | D3: Implementation Status | E3: Maturity (1-5) | F3: Current Evidence / Notes | G3: Gap Identified | H3: Risk Rating | I3: Priority | J3: Remediation Action
A4: A.5.1 | B4: Policies for information security | C4: Management direction for information security shall be established. | D4: Partially Implemented | E4: 2 | F4: InfoSec policy exists but last reviewed in 2023. No formal review cadence. Policy not communicated to all staff. | G4: Policy outdated (>12 months). No evidence of annual review. Missing acceptable use policy. | H4: High | I4: P1 | J4: Update InfoSec policy. Establish annual review cycle. Create AUP. Distribute via all-hands and obtain sign-off.
A5: A.5.2 | B5: Information security roles and responsibilities | C5: Information security roles and responsibilities shall be defined and allocated. | D5: Partially Implemented | E5: 2 | F5: CISO reports to CTO. No formal RACI for security responsibilities across departments. | G5: No documented RACI matrix. Security responsibilities not in job descriptions for non-security staff. | H5: High | I5: P1 | J5: Create RACI matrix for security roles. Update job descriptions. Define security champions in each team.
A6: A.5.3 | B6: Segregation of duties | C6: Conflicting duties and areas of responsibility shall be segregated. | D6: Partially Implemented | E6: 3 | F6: Segregation exists for payment processing (PCI requirement). Dev team has prod access. | G6: Developers retain production database access. No formal SoD matrix beyond PCI scope. | H6: Critical | I6: P1 | J6: Remove dev prod access. Implement break-glass procedure. Extend SoD matrix to all critical systems.
A7: A.5.4 | B7: Management responsibilities | C7: Management shall require all personnel to apply information security. | D7: Implemented | E7: 3 | F7: Annual security training mandated. Management signs off on security objectives quarterly. | G7: Training completion tracking is manual (spreadsheet). No consequence for non-completion. | H7: Medium | I7: P2 | J7: Automate training tracking via LMS. Define escalation process for non-completion.
A8: A.5.5 | B8: Contact with authorities | C8: Appropriate contacts with relevant authorities shall be maintained. | D8: Not Implemented | E8: 1 | F8: No documented contact list for MAS, CSA Singapore, or PDPC. | G8: No authority contact register. No defined process for mandatory breach notification under PDPA. | H8: High | I8: P1 | J8: Create authority contact register (MAS, CSA, PDPC, SPF). Document PDPA 72-hour breach notification process.
A9: A.5.8 | B9: Information security in project management | C9: Information security shall be integrated into project management. | D9: Partially Implemented | E9: 2 | F9: Security reviews done ad-hoc for major releases. No formal security gate in SDLC. | G9: No security requirements checklist in project initiation. No threat modelling in design phase. | H9: High | I9: P1 | J9: Add security gate to SDLC. Create security requirements checklist. Mandate threat modelling for new features.
A10: A.5.10 | B10: Acceptable use of information and assets | C10: Rules for the acceptable use of information and other associated assets shall be identified. | D10: Not Implemented | E10: 1 | F10: No formal AUP document. Verbal guidance only during onboarding. | G10: No AUP. No BYOD policy. No rules on use of personal cloud storage. | H10: High | I10: P1 | J10: Draft and publish AUP covering devices, cloud storage, and data handling. Include in onboarding.
A11: A.5.12 | B11: Classification of information | C11: Information shall be classified according to the information security needs. | D11: Partially Implemented | E11: 2 | F11: Informal classification (public/internal/confidential). No labelling standard. | G11: No formal classification scheme. No data labelling on documents or emails. PII handling inconsistent. | H11: High | I11: P1 | J11: Define 4-tier classification scheme. Implement document labelling. Map PII data flows.
A12: A.5.15 | B12: Access control | C12: Rules to control physical and logical access to information shall be established. | D12: Partially Implemented | E12: 3 | F12: RBAC implemented on payment platform. Office 365 access reviews done annually. | G12: No access review for AWS IAM roles. Service account passwords not rotated. No PAM solution. | H12: Critical | I12: P1 | J12: Implement quarterly access reviews for AWS. Deploy PAM for privileged accounts. Rotate service account credentials.
A13: A.5.23 | B13: Information security for use of cloud services | C13: Processes for acquisition, use, management and exit from cloud services shall be established. | D13: Partially Implemented | E13: 2 | F13: AWS is primary cloud provider. Basic tagging in place. No cloud security posture management. | G13: No formal cloud security policy. No CSPM tool. No documented exit strategy. Shared responsibility model not documented. | H13: High | I13: P1 | J13: Draft cloud security policy. Implement CSPM (e.g., Prowler). Document shared responsibility matrix and exit plan.
A14: A.5.24 | B14: Information security incident management planning | C14: The organisation shall plan and prepare for managing information security incidents. | D14: Partially Implemented | E14: 2 | F14: Incident response playbook exists for payment fraud. No IR plan for broader security incidents. | G14: IR plan limited to fraud scenarios. No tabletop exercises conducted. No defined CSIRT team. | H14: Critical | I14: P1 | J14: Expand IR plan to cover ransomware, data breach, DDoS. Form CSIRT. Schedule quarterly tabletop exercises.
A15: A.5.29 | B15: Information security during disruption | C15: The organisation shall plan how to maintain information security during disruption. | D15: Partially Implemented | E15: 3 | F15: BCP exists for payment processing (MAS requirement). DR tested annually. | G15: BCP does not cover corporate IT systems. DR test scope limited to payment engine only. | H15: High | I15: P2 | J15: Extend BCP to corporate IT. Expand DR testing to include all critical systems. Document RTO/RPO for each system.
... A30: A.8.28 | B30: Secure coding | C30: Secure coding principles shall be applied to software development. | D30: Partially Implemented | E30: 2 | F30: OWASP Top 10 awareness among senior devs. Input validation inconsistent. | G30: No secure coding standard document. No mandatory secure coding training. No code security metrics. | H30: High | I30: P1 | J30: Publish secure coding standard (based on OWASP). Mandate training for all engineers. Track security defect density.

Sheet Statement of Applicability
A1: Statement of Applicability (SoA) — PayWave Solutions Pte. Ltd.
A2: ISO 27001:2022 | Version 1.0 | Date: 15 March 2026 | Approved by: [CISO Name]
A4: Control ID | B4: Control Name | C4: Applicable? | D4: Justification for Inclusion / Exclusion | E4: Implementation Status | F4: Evidence Reference
A5: A.5.1 | B5: Policies for information security | C5: Yes | D5: Required: Core governance control. MAS TRM mandates documented InfoSec policies for all licensed payment institutions. | E5: Partially Implemented | F5: POL-001 InfoSec Policy (v2.1, 2023)
A6: A.5.2 | B6: Information security roles and responsibilities | C6: Yes | D6: Required: Organisational clarity on security ownership is fundamental to ISMS operation. | E6: Partially Implemented | F6: ORG-001 Org Chart; JD-SEC-001
A7: A.5.3 | B7: Segregation of duties | C7: Yes | D7: Required: Critical for payment processing integrity. PCI DSS Req 6.4 and MAS TRM Para 9.2. | E7: Partially Implemented | F7: PCI-SoD-Matrix-2025.xlsx
A8: A.5.4 | B8: Management responsibilities | C8: Yes | D8: Required: Management commitment is an ISMS prerequisite. MAS TRM Para 3.1. | E8: Implemented | F8: Training records; Quarterly sign-off emails
A9: A.5.5 | B9: Contact with authorities | C9: Yes | D9: Required: PDPA mandates 72-hour breach notification to PDPC. MAS requires reporting to MAS. | E9: Not Implemented | F9: None — to be created
A10: A.5.8 | B10: Information security in project management | C10: Yes | D10: Required: Agile development model requires security integration at sprint level. | E10: Partially Implemented | F10: SDLC-v1.2 (no security gates)
A11: A.5.10 | B11: Acceptable use of information and assets | C11: Yes | D11: Required: BYOD prevalent among staff. Cloud storage usage uncontrolled. | E11: Not Implemented | F11: None — to be created
A12: A.5.12 | B12: Classification of information | C12: Yes | D12: Required: Handles PII (PDPA), payment card data (PCI DSS), and financial transaction data. | E12: Partially Implemented | F12: Informal scheme in onboarding deck
A13: A.5.15 | B13: Access control | C13: Yes | D13: Required: Core technical and administrative control. MAS TRM Para 9.1, PCI DSS Req 7-8. | E13: Partially Implemented | F13: RBAC config in payment platform; O365 access review logs
A14: A.5.23 | B14: Information security for cloud services | C14: Yes | D14: Required: Entire platform runs on AWS. Cloud security posture is critical. | E14: Partially Implemented | F14: AWS account setup docs; basic tagging policy
A15: A.5.24 | B15: Incident management planning | C15: Yes | D15: Required: MAS TRM Para 7.5 mandates incident management. PDPA requires breach notification. | E15: Partially Implemented | F15: IR-PLAYBOOK-FRAUD-v1.0
... A31: A.8.28 | B31: Secure coding | C31: Yes | D31: Required: Part of secure SDLC obligation. OWASP Top 10 applicability confirmed. | E31: Partially Implemented | F31: OWASP awareness deck (informal)

Sheet Risk Register
A1: Cyber Risk Register — PayWave Solutions Pte. Ltd.
A3: Risk ID | B3: Related Control | C3: Risk Description | D3: Threat Source | E3: Likelihood (1-5) | F3: Impact (1-5) | G3: Inherent Risk Score | H3: Existing Controls | I3: Residual Likelihood | J3: Residual Impact | K3: Residual Risk Score | L3: Risk Rating | M3: Risk Owner | N3: Treatment Decision
A4: R-001 | B4: A.5.3 | C4: Unauthorised access to production database by developers leading to data breach | D4: Insider (developer) | E4: 4 | F4: 5 | G4: =E4*F4 -> 20 | H4: PCI segregation for card data only | I4: 3 | J4: 4 | K4: =I4*J4 -> 12 | L4: =IF(K4>=20,"Critical",IF(K4>=12,"High",IF(K4>=6,"Medium","Low"))) -> High | M4: CTO | N4: Mitigate
A5: R-002 | B5: A.5.24 | C5: Ransomware attack on corporate network with no broad IR plan | D5: External threat actor | E5: 4 | F5: 5 | G5: =E5*F5 -> 20 | H5: Fraud-specific IR playbook only | I5: 3 | J5: 5 | K5: =I5*J5 -> 15 | L5: =IF(K5>=20,"Critical",IF(K5>=12,"High",IF(K5>=6,"Medium","Low"))) -> High | M5: CISO | N5: Mitigate
A6: R-003 | B6: A.8.9 | C6: Cloud misconfiguration exposing customer PII via public S3 bucket | D6: Human error | E6: 4 | F6: 5 | G6: =E6*F6 -> 20 | H6: Basic AWS tagging; no CSPM | I6: 4 | J6: 5 | K6: =I6*J6 -> 20 | L6: =IF(K6>=20,"Critical",IF(K6>=12,"High",IF(K6>=6,"Medium","Low"))) -> Critical | M6: DevOps Lead | N6: Mitigate
A7: R-004 | B7: A.8.16 | C7: Advanced persistent threat undetected due to lack of monitoring | D7: Nation-state / APT | E7: 3 | F7: 5 | G7: =E7*F7 -> 15 | H7: CloudWatch CPU/memory alerts only | I7: 3 | J7: 5 | K7: =I7*J7 -> 15 | L7: =IF(K7>=20,"Critical",IF(K7>=12,"High",IF(K7>=6,"Medium","Low"))) -> High | M7: CISO | N7: Mitigate
A8: R-005 | B8: A.5.5 | C8: Failure to notify PDPC within 72 hours of data breach due to no process | D8: Regulatory | E8: 3 | F8: 5 | G8: =E8*F8 -> 15 | H8: None | I8: 3 | J8: 5 | K8: =I8*J8 -> 15 | L8: =IF(K8>=20,"Critical",IF(K8>=12,"High",IF(K8>=6,"Medium","Low"))) -> High | M8: DPO | N8: Mitigate
A9: R-006 | B9: A.6.3 | C9: Phishing attack succeeds against engineering staff due to inadequate training | D9: External threat actor | E9: 4 | F9: 4 | G9: =E9*F9 -> 16 | H9: Annual phishing sim; generic training | I9: 3 | J9: 4 | K9: =I9*J9 -> 12 | L9: =IF(K9>=20,"Critical",IF(K9>=12,"High",IF(K9>=6,"Medium","Low"))) -> High | M9: HR / CISO | N9: Mitigate
A10: R-007 | B10: A.8.8 | C10: Unpatched critical vulnerability exploited in production | D10: External threat actor | E10: 4 | F10: 5 | G10: =E10*F10 -> 20 | H10: Quarterly pentests; Snyk for code deps | I10: 3 | J10: 4 | K10: =I10*J10 -> 12 | L10: =IF(K10>=20,"Critical",IF(K10>=12,"High",IF(K10>=6,"Medium","Low"))) -> High | M10: DevOps Lead | N10: Mitigate
A11: R-008 | B11: A.8.1 | C11: Data exfiltration via uncontrolled USB device | D11: Insider threat | E11: 3 | F11: 4 | G11: =E11*F11 -> 12 | H11: Full disk encryption on laptops | I11: 3 | J11: 4 | K11: =I11*J11 -> 12 | L11: =IF(K11>=20,"Critical",IF(K11>=12,"High",IF(K11>=6,"Medium","Low"))) -> High | M11: IT Manager | N11: Mitigate
A12: R-009 | B12: A.5.12 | C12: PII mishandled due to absent data classification scheme | D12: Human error | E12: 4 | F12: 4 | G12: =E12*F12 -> 16 | H12: Informal classification in onboarding | I12: 3 | J12: 3 | K12: =I12*J12 -> 9 | L12: =IF(K12>=20,"Critical",IF(K12>=12,"High",IF(K12>=6,"Medium","Low"))) -> Medium | M12: DPO | N12: Mitigate
A13: R-010 | B13: A.5.23 | C13: Vendor lock-in or data loss during cloud provider disruption | D13: Third-party | E13: 2 | F13: 5 | G13: =E13*F13 -> 10 | H13: AWS multi-AZ deployment | I13: 2 | J13: 4 | K13: =I13*J13 -> 8 | L13: =IF(K13>=20,"Critical",IF(K13>=12,"High",IF(K13>=6,"Medium","Low"))) -> Medium | M13: CTO | N13: Accept
A14: R-011 | B14: A.8.25 | C14: Security vulnerabilities introduced via insecure code with no SAST/DAST | D14: Human error | E14: 4 | F14: 4 | G14: =E14*F14 -> 16 | H14: Code reviews; Snyk dependency scan | I14: 3 | J14: 3 | K14: =I14*J14 -> 9 | L14: =IF(K14>=20,"Critical",IF(K14>=12,"High",IF(K14>=6,"Medium","Low"))) -> Medium | M14: Engineering Lead | N14: Mitigate
A15: R-012 | B15: A.7.1 | C15: Tailgating incident leading to physical compromise of server room | D15: Social engineering | E15: 2 | F15: 3 | G15: =E15*F15 -> 6 | H15: Lobby security; biometric server room | I15: 2 | J15: 3 | K15: =I15*J15 -> 6 | L15: =IF(K15>=20,"Critical",IF(K15>=12,"High",IF(K15>=6,"Medium","Low"))) -> Medium | M15: Office Manager | N15: Accept
