Workbook

Sheet Cover
B3: Third-Party Risk Management Framework
B4: Vendor Tiering, Risk Assessment, and Scoring Matrix
B7: Organisation: | C7: PayWave Solutions Pte. Ltd.
B8: Industry: | C8: Financial Technology — Digital Payments
B9: Framework: | C9: MAS TRM Guidelines Section 9, MAS Guidelines on Outsourcing (Financial Institutions other than Banks), ISO 27001:2022 A.5.19–A.5.22
B10: Assessment Date: | C10: 15 March 2026
B11: Assessor: | C11: [Your Name], GRC Analyst
B12: Vendors Assessed: | C12: DataPulse Analytics Pte. Ltd. (Tier 1) and SwiftDesk Solutions (Tier 2)
B13: Total Vendors in Scope: | C13: 12 active vendors (full inventory in Vendor Inventory sheet)
B14: Report Version: | C14: 1.0
B15: Classification: | C15: CONFIDENTIAL
B18: This workbook contains a complete TPRM assessment framework including methodology, tiering criteria, vendor inventory, risk questionnaire scoring, and tiering dashboard. DISCLAIMER: This is a fictitious assessment for portfolio demonstration purposes. PayWave Solutions, DataPulse Analytics, and SwiftDesk Solutions are fictional entities.

Sheet Dashboard
A1: TPRM Dashboard — Vendor Tiering and Assessment Summary
A3: Total Vendors | C3: Tier 1 Critical | E3: Tier 2 Important | G3: Tier 3 Standard
A4: =COUNTA('Vendor Inventory'!A4:A15) -> 12 | C4: =COUNTIF('Vendor Inventory'!D4:D15,"Tier 1") -> 5 | E4: =COUNTIF('Vendor Inventory'!D4:D15,"Tier 2") -> 5 | G4: =COUNTIF('Vendor Inventory'!D4:D15,"Tier 3") -> 2
A7: Tier Distribution | D7: Annual Spend by Tier (SGD)
A8: Tier | B8: Count | D8: Tier | E8: Spend
A9: Tier 1 | B9: =COUNTIF('Vendor Inventory'!D4:D15,"Tier 1") -> 5 | D9: Tier 1 | E9: =SUMIF('Vendor Inventory'!D4:D15,"Tier 1",'Vendor Inventory'!F4:F15) -> 2413000
A10: Tier 2 | B10: =COUNTIF('Vendor Inventory'!D4:D15,"Tier 2") -> 5 | D10: Tier 2 | E10: =SUMIF('Vendor Inventory'!D4:D15,"Tier 2",'Vendor Inventory'!F4:F15) -> 203000
A11: Tier 3 | B11: =COUNTIF('Vendor Inventory'!D4:D15,"Tier 3") -> 2 | D11: Tier 3 | E11: =SUMIF('Vendor Inventory'!D4:D15,"Tier 3",'Vendor Inventory'!F4:F15) -> 20000
A14: Assessment Summary — Q1 2026 Reviews
A15: Vendor | B15: Tier | C15: Final Score | D15: Decision | E15: Risk Owner
A16: DataPulse Analytics | B16: Tier 1 | C16: ='Scoring Matrix'!D32 -> 4.7875 | D16: ='Scoring Matrix'!D33 -> APPROVE | E16: CTO
A17: SwiftDesk Solutions | B17: Tier 2 | C17: ='Scoring Matrix'!F32 -> 3.2125 | D17: ='Scoring Matrix'!F33 -> APPROVE WITH CONDITIONS | E17: Customer Success Lead

Sheet Methodology
A1: TPRM Methodology — Tiering Criteria and Scoring Approach
A3: 1. Vendor Tiering Criteria
A4: Vendors are classified into three tiers based on the criticality of the service and the sensitivity of data accessed. Tier classification determines the depth of due diligence required, the scoring weight, and the renewal cadence. Tier 1 vendors require annual on-site or remote security assessments; Tier 2 require annual questionnaire reviews; Tier 3 require contract review only.
A8: Tier | B8: Classification | C8: Data Access | D8: Service Criticality | E8: Assessment Depth | F8: Review Cadence
A9: Tier 1 | B9: Critical | C9: Restricted (PII, payment, auth credentials) | D9: Direct production access OR processes payment data OR core platform dependency | E9: Full on-site/remote security assessment + SOC 2/ISO 27001 cert review + pentest report review | F9: Annual
A10: Tier 2 | B10: Important | C10: Confidential (business data, internal communications) | D10: Supports business operations; outage causes significant disruption but not service failure | E10: Vendor risk questionnaire + cert review + contractual security clauses | F10: Annual
A11: Tier 3 | B11: Standard | C11: Internal or Public (general business tools, no sensitive data) | D11: Productivity tools or non-critical services; outage tolerable | E11: Contract review with standard security clauses; no questionnaire required | F11: Bi-annual
A13: 2. Scoring Methodology (per Domain)
A14: Score | B14: Rating | C14: Definition | D14: Treatment Action
A15: 5 | B15: Excellent | C15: Comprehensive controls, independently verified (SOC 2 Type II, ISO 27001 cert), continuous monitoring, no findings | D15: Approve — annual review
A16: 4 | B16: Strong | C16: Documented controls with evidence; minor gaps with mitigating compensating controls | D16: Approve — track minor gaps
A17: 3 | B17: Adequate | C17: Controls present but partially documented or inconsistently applied; moderate gaps | D17: Approve with conditions — quarterly check-ins
A18: 2 | B18: Weak | C18: Significant gaps in critical controls; vendor unable to evidence claims; reactive posture | D18: Conditional approval — gap remediation required within 90 days
A19: 1 | B19: Poor | C19: Controls absent or fundamentally inadequate; vendor lacks security maturity | D19: Reject — do not engage; escalate if existing vendor
A21: 3. Domain Weighting (Tier 1 Vendors)
A22: Risk Domain | B22: Weight (%) | C22: Rationale
A23: Information Security & Data Protection | B23: 25 | C23: Most critical for vendors handling PayWave data — covers encryption, access control, data segregation
A24: Compliance & Certifications | B24: 15 | C24: Independent third-party validation (SOC 2, ISO 27001, PCI DSS) reduces assessment burden
A25: Business Continuity & Disaster Recovery | B25: 15 | C25: MAS TRM Section 8 requires demonstrable BCP for critical vendors
A26: Incident Response & Breach Notification | B26: 15 | C26: PDPA mandates 72-hour breach notification — vendor IR capability is non-negotiable
A27: Sub-contractor & Supply Chain Management | B27: 10 | C27: Fourth-party risk is increasing — vendors must control their own supply chain
A28: Governance & Organisation | B28: 10 | C28: Indicates security maturity — dedicated CISO, board oversight, security committee
A29: Right to Audit & Reporting | B29: 10 | C29: MAS TRM Section 9.5 requires audit rights — non-negotiable contractual requirement
A30: 4. Decision Thresholds (Weighted Average Score)
A31: Score Range | B31: Decision | C31: Authority
A32: 4.0 – 5.0 | B32: Approve | C32: CISO — standard contract
A33: 3.0 – 3.9 | B33: Approve with conditions | C33: CISO + Procurement — conditional clauses required
A34: 2.0 – 2.9 | B34: Conditional / Remediate | C34: CISO + CRO — 90-day remediation plan; deferred onboarding
A35: Below 2.0 | B35: Reject | C35: Mandatory rejection — escalation required to override

Sheet Vendor Inventory
A1: Vendor Inventory — PayWave Solutions Pte. Ltd.
A3: Vendor ID | B3: Vendor Name | C3: Service Provided | D3: Tier | E3: Data Access | F3: Annual Spend (SGD) | G3: Contract Renewal | H3: Cert Status | I3: Risk Owner | J3: Status
A4: V-001 | B4: DataPulse Analytics Pte. Ltd. | C4: Real-time fraud detection and transaction analytics platform | D4: Tier 1 | E4: Restricted (payment data, PII) | F4: 240000 | G4: Sep 2026 | H4: SOC 2 Type II + ISO 27001 | I4: CTO | J4: Under Review
A5: V-002 | B5: Amazon Web Services (Singapore) | C5: Cloud infrastructure (compute, storage, networking) hosting all production systems | D5: Tier 1 | E5: Restricted (full platform) | F5: 850000 | G5: Mar 2027 | H5: SOC 2 Type II + ISO 27001 + PCI DSS | I5: DevOps Lead | J5: Active
A6: V-003 | B6: Stripe Payment Services | C6: Payment gateway and card processing for merchant transactions | D6: Tier 1 | E6: Restricted (payment card data) | F6: 1200000 | G6: Jan 2027 | H6: PCI DSS Level 1 + SOC 2 | I6: CTO | J6: Active
A7: V-004 | B7: Okta Identity Cloud | C7: Single sign-on (SSO) and identity management for all corporate SaaS apps | D7: Tier 1 | E7: Restricted (auth credentials) | F7: 95000 | G7: Jul 2026 | H7: SOC 2 Type II + ISO 27001 + FedRAMP | I7: IT Manager | J7: Active
A8: V-005 | B8: SwiftDesk Solutions | C8: Customer support ticketing platform with email and chat integration | D8: Tier 2 | E8: Confidential (customer support PII) | F8: 48000 | G8: Nov 2026 | H8: SOC 2 Type II | I8: Customer Success Lead | J8: Under Review
A9: V-006 | B9: Atlassian (Jira + Confluence) | C9: Project management and internal documentation platform | D9: Tier 2 | E9: Confidential (internal IP, project data) | F9: 32000 | G9: May 2026 | H9: SOC 2 Type II + ISO 27001 | I9: Engineering Lead | J9: Active
A10: V-007 | B10: GitHub Enterprise | C10: Source code repository and CI/CD platform | D10: Tier 1 | E10: Restricted (source code) | F10: 28000 | G10: Aug 2026 | H10: SOC 2 Type II + ISO 27001 + FedRAMP | I10: Engineering Lead | J10: Active
A11: V-008 | B11: Slack Technologies | C11: Internal communications and collaboration platform | D11: Tier 2 | E11: Confidential (internal communications) | F11: 36000 | G11: Apr 2026 | H11: SOC 2 Type II + ISO 27001 | I11: IT Manager | J11: Active
A12: V-009 | B12: Snyk Security | C12: Code dependency vulnerability scanning integrated into CI/CD | D12: Tier 2 | E12: Confidential (source code metadata) | F12: 22000 | G12: Jun 2026 | H12: SOC 2 Type II | I12: Engineering Lead | J12: Active
A13: V-010 | B13: Microsoft 365 | C13: Email, calendar, document collaboration for corporate users | D13: Tier 2 | E13: Confidential (email, documents) | F13: 65000 | G13: Dec 2026 | H13: SOC 2 Type II + ISO 27001 + FedRAMP | I13: IT Manager | J13: Active
A14: V-011 | B14: Figma Design | C14: UX/UI design platform used by product and design team | D14: Tier 3 | E14: Internal (design files) | F14: 14000 | G14: Feb 2027 | H14: SOC 2 Type II | I14: Design Lead | J14: Active
A15: V-012 | B15: Calendly Scheduling | C15: Meeting scheduling tool for sales and customer success | D15: Tier 3 | E15: Internal (calendar metadata) | F15: 6000 | G15: Oct 2026 | H15: SOC 2 Type II | I15: Sales Ops | J15: Active

Sheet Scoring Matrix
A1: Vendor Risk Scoring Matrix — Side-by-Side Assessment
A2: Vendor 1: DataPulse Analytics Pte. Ltd. (Tier 1) | Vendor 2: SwiftDesk Solutions (Tier 2)
A4: Domain | B4: Weight % | C4: Question / Control Area | D4: DataPulse Score (1-5) | E4: DataPulse Evidence | F4: SwiftDesk Score (1-5) | G4: SwiftDesk Evidence
A5: Information Security & Data Protection | B5: 25 | C5: Are all data in transit and at rest encrypted using industry-standard algorithms (AES-256, TLS 1.2+)? | D5: 5 | E5: AES-256-GCM at rest in AWS RDS; TLS 1.3 for all API endpoints; verified via SOC 2 Type II report Section 4.2 | F5: 4 | G5: AES-256 at rest; TLS 1.2 for API; SOC 2 confirms encryption but no TLS 1.3 enforcement yet
A6: Information Security & Data Protection | B6: 25 | C6: Is access to PayWave data segregated from other clients (logical or physical)? | D6: 5 | E6: Multi-tenant SaaS with dedicated database schema per client + row-level security; pen-tested annually | F6: 3 | G6: Multi-tenant with logical separation only; no row-level security; reliance on application-layer access control
A7: Information Security & Data Protection | B7: 25 | C7: Is privileged access to PayWave data restricted, monitored, and logged? | D7: 5 | E7: PAM solution (CyberArk) deployed; just-in-time access; all sessions recorded; quarterly access reviews | F7: 3 | G7: Role-based access for support staff; access logged but no PAM solution; access reviews bi-annual
A8: Information Security & Data Protection | B8: 25 | C8: Is endpoint security (EDR, MDM) deployed on all devices accessing PayWave data? | D8: 4 | E8: CrowdStrike Falcon EDR on 100% of endpoints; Jamf MDM for Mac fleet; DLP rules for PII patterns | F8: 3 | G8: Microsoft Defender ATP on all endpoints; MDM deployed; no DLP agent for content inspection
A9: Compliance & Certifications | B9: 15 | C9: Does the vendor hold current SOC 2 Type II report from a reputable auditor? | D9: 5 | E9: SOC 2 Type II — Big 4 auditor (Deloitte); report dated Jan 2026; no qualifications | F9: 5 | G9: SOC 2 Type II — KPMG; report dated Aug 2025; one observation on training records, remediated
A10: Compliance & Certifications | B10: 15 | C10: Does the vendor hold ISO 27001:2022 certification (or equivalent)? | D10: 5 | E10: ISO 27001:2022 certified by BSI; current cert valid until Mar 2027 | F10: 2 | G10: Not ISO 27001 certified; references SOC 2 only; states 'in process' but no formal timeline
A11: Compliance & Certifications | B11: 15 | C11: Is the vendor PCI DSS compliant (where applicable)? | D11: 4 | E11: Not in scope — does not store/process card data directly; processes hashed transaction metadata only | G11: N/A — vendor does not handle payment card data
A12: Business Continuity & DR | B12: 15 | C12: Has the vendor documented a BCP with tested RTO and RPO targets? | D12: 5 | E12: BCP tested annually; RTO 4 hours, RPO 1 hour; multi-region active-active deployment in AWS Singapore + Tokyo | F12: 3 | G12: BCP exists; RTO 24 hours, RPO 4 hours; single-region with daily backups; tested annually but no failover
A13: Business Continuity & DR | B13: 15 | C13: Does the vendor conduct annual DR testing with documented results? | D13: 5 | E13: Quarterly DR drills with full failover; annual full-region failure simulation; reports shared with clients | F13: 3 | G13: Annual DR test of backup restoration; no production failover test; results internal only
A14: Incident Response & Breach Notification | B14: 15 | C14: Will the vendor notify PayWave within 24 hours of a confirmed security incident affecting our data? | D14: 5 | E14: Contractual 24-hour notification clause; dedicated client incident portal; named CSIRT contact | F14: 3 | G14: Contractual 72-hour notification (PDPA minimum); standard support email channel; no dedicated client incident process
A15: Incident Response & Breach Notification | B15: 15 | C15: Has the vendor experienced any reportable security incidents in the last 24 months? | D15: 5 | E15: No reportable incidents disclosed; transparent disclosure policy stated in contract | F15: 4 | G15: One incident in 2024 — phishing-related credential compromise; remediation evidenced; no PayWave data affected
A16: Sub-contractor & Supply Chain | B16: 10 | C16: Does the vendor maintain a current sub-contractor inventory and apply equivalent security requirements? | D16: 4 | E16: Sub-contractor inventory shared; tier-1 sub-contractors (AWS, Datadog, Snowflake) all SOC 2 Type II | F16: 3 | G16: Sub-contractor list provided on request; no public attestation of sub-contractor security requirements
A17: Sub-contractor & Supply Chain | B17: 10 | C17: Are sub-contractor changes notified to PayWave with right to object? | D17: 4 | E17: 30-day prior notice contractually required; right to object documented in MSA | F17: 2 | G17: Sub-contractor changes notified retroactively; no right to object in current MSA template
A18: Governance & Organisation | B18: 10 | C18: Does the vendor have a dedicated CISO with board-level reporting? | D18: 5 | E18: CISO reports directly to CEO and quarterly to Board Risk Committee; named individual disclosed | F18: 3 | G18: Head of Security reports to CTO; quarterly security updates to leadership team; no formal board reporting
A19: Governance & Organisation | B19: 10 | C19: Is security awareness training mandatory for all vendor staff with access to client data? | D19: 5 | E19: Mandatory annual training + role-based training for engineers; phishing simulation monthly; metrics shared | F19: 4 | G19: Annual training mandatory; phishing simulation quarterly; metrics shared on request
A20: Right to Audit & Reporting | B20: 10 | C20: Does the contract include right-to-audit clauses (on-site or remote)? | D20: 5 | E20: Right to audit (90-day notice) + right to engage independent auditor at PayWave's cost; SOC 2 report sufficient for most needs | F20: 3 | G20: Right to receive SOC 2 report annually; no on-site audit right; no third-party auditor engagement clause
A21: Right to Audit & Reporting | B21: 10 | C21: Does the vendor provide regular security metrics reporting (uptime, incidents, vulnerabilities)? | D21: 5 | E21: Monthly client report: uptime SLA, security incidents, patch status, audit findings; via dedicated client portal | F21: 3 | G21: Quarterly summary email; uptime SLA only; no detailed security metrics provided
A23: DOMAIN SUMMARY (Average score per domain)
A24: Domain | B24: Weight % | C24: DataPulse Avg | D24: DataPulse Weighted | E24: SwiftDesk Avg | F24: SwiftDesk Weighted
A25: Information Security & Data Protection | B25: 25 | C25: =AVERAGE(D5:D8) -> 4.75 | D25: =C25*B25/100 -> 1.1875 | E25: =AVERAGE(F5:F8) -> 3.25 | F25: =E25*B25/100 -> 0.8125
A26: Compliance & Certifications | B26: 15 | C26: =AVERAGE(D9:D11) -> 4.6666667 | D26: =C26*B26/100 -> 0.7 | E26: =AVERAGE(F9:F11) -> 3.5 | F26: =E26*B26/100 -> 0.525
A27: Business Continuity & DR | B27: 15 | C27: =AVERAGE(D12:D13) -> 5 | D27: =C27*B27/100 -> 0.75 | E27: =AVERAGE(F12:F13) -> 3 | F27: =E27*B27/100 -> 0.45
A28: Incident Response & Breach Notification | B28: 15 | C28: =AVERAGE(D14:D15) -> 5 | D28: =C28*B28/100 -> 0.75 | E28: =AVERAGE(F14:F15) -> 3.5 | F28: =E28*B28/100 -> 0.525
A29: Sub-contractor & Supply Chain | B29: 10 | C29: =AVERAGE(D16:D17) -> 4 | D29: =C29*B29/100 -> 0.4 | E29: =AVERAGE(F16:F17) -> 2.5 | F29: =E29*B29/100 -> 0.25
A30: Governance & Organisation | B30: 10 | C30: =AVERAGE(D18:D19) -> 5 | D30: =C30*B30/100 -> 0.5 | E30: =AVERAGE(F18:F19) -> 3.5 | F30: =E30*B30/100 -> 0.35
A31: Right to Audit & Reporting | B31: 10 | C31: =AVERAGE(D20:D21) -> 5 | D31: =C31*B31/100 -> 0.5 | E31: =AVERAGE(F20:F21) -> 3 | F31: =E31*B31/100 -> 0.3
A32: FINAL WEIGHTED SCORE | D32: =SUM(D25:D31) -> 4.7875 | F32: =SUM(F25:F31) -> 3.2125
A33: DECISION | D33: =IF(D32>=4,"APPROVE",IF(D32>=3,"APPROVE WITH CONDITIONS",IF(D32>=2,"CONDITIONAL / REMEDIATE","REJECT"))) -> APPROVE | F33: =IF(F32>=4,"APPROVE",IF(F32>=3,"APPROVE WITH CONDITIONS",IF(F32>=2,"CONDITIONAL / REMEDIATE","REJECT"))) -> APPROVE WITH CONDITIONS
